"source","level","tier","year","month","first","last","n_steps","trans","file","bytes","md5","release"
"cfsr","10m","month",1979,1,"1979-01","1979-01",744,1,"cfsr_10m_month_1979_01.tif",15765833,"a663a82fb6f29e05d73a1208c1899e0e","cfsr-roses-v1"
"cfsr","10m","month",1979,2,"1979-02","1979-02",672,1,"cfsr_10m_month_1979_02.tif",15718171,"d355b97fc939bb06cdb65ad27a1aeaf4","cfsr-roses-v1"
"cfsr","10m","month",1979,3,"1979-03","1979-03",744,1,"cfsr_10m_month_1979_03.tif",15710637,"b5e6250d831bb535181352cc044ac5ed","cfsr-roses-v1"
"cfsr","10m","month",1979,4,"1979-04","1979-04",720,1,"cfsr_10m_month_1979_04.tif",15677315,"d4a1accee8dd03e36b5a66a5dbddbfd6","cfsr-roses-v1"
"cfsr","10m","month",1979,5,"1979-05","1979-05",744,1,"cfsr_10m_month_1979_05.tif",15709835,"cc05c2e26eff0b89cebcd47470b98836","cfsr-roses-v1"
"cfsr","10m","month",1979,6,"1979-06","1979-06",720,1,"cfsr_10m_month_1979_06.tif",15491029,"670dcb62d8bcfbad93eb9ad0d28e8a64","cfsr-roses-v1"
"cfsr","10m","month",1979,7,"1979-07","1979-07",744,1,"cfsr_10m_month_1979_07.tif",15470540,"e38e7dc6596cffd529d0458bb9af190a","cfsr-roses-v1"
"cfsr","10m","month",1979,8,"1979-08","1979-08",744,1,"cfsr_10m_month_1979_08.tif",15538556,"dcd13cec1326ff7b8fd104a40a6d7972","cfsr-roses-v1"
"cfsr","10m","month",1979,9,"1979-09","1979-09",720,1,"cfsr_10m_month_1979_09.tif",15503695,"89ba06aae1046611f874b3bd58718915","cfsr-roses-v1"
"cfsr","10m","month",1979,10,"1979-10","1979-10",744,1,"cfsr_10m_month_1979_10.tif",15637739,"694ecf157b5f14ed94e358df8916e720","cfsr-roses-v1"
"cfsr","10m","month",1979,11,"1979-11","1979-11",720,1,"cfsr_10m_month_1979_11.tif",15685800,"1b4976ebaaeb7e918f30ab2c7b117a75","cfsr-roses-v1"
"cfsr","10m","month",1979,12,"1979-12","1979-12",744,1,"cfsr_10m_month_1979_12.tif",15782257,"148344fab8491c6fcaf6b8ec098e0da1","cfsr-roses-v1"
"cfsr","10m","month",1980,1,"1980-01","1980-01",744,1,"cfsr_10m_month_1980_01.tif",15670445,"52321af562e338f8b92f9ef5d2e6b197","cfsr-roses-v1"
"cfsr","10m","month",1980,2,"1980-02","1980-02",696,1,"cfsr_10m_month_1980_02.tif",15707765,"91f21a97d4af73b5835e6e53e27e7a61","cfsr-roses-v1"
"cfsr","10m","month",1980,3,"1980-03","1980-03",744,1,"cfsr_10m_month_1980_03.tif",15521250,"da08fb06135b43bb800a412f7d6a40f8","cfsr-roses-v1"
"cfsr","10m","month",1980,4,"1980-04","1980-04",720,1,"cfsr_10m_month_1980_04.tif",15647662,"e7e373fd72f59b6c83c503817e915e65","cfsr-roses-v1"
"cfsr","10m","month",1980,5,"1980-05","1980-05",744,1,"cfsr_10m_month_1980_05.tif",15549849,"3e3411631bc2e9b9368d909bf795f29d","cfsr-roses-v1"
"cfsr","10m","month",1980,6,"1980-06","1980-06",720,1,"cfsr_10m_month_1980_06.tif",15317317,"420368ad552ec35aa2c551523e789d33","cfsr-roses-v1"
"cfsr","10m","month",1980,7,"1980-07","1980-07",744,1,"cfsr_10m_month_1980_07.tif",15402819,"ae5a278f6a933e80a0f326fcd6fc04c4","cfsr-roses-v1"
"cfsr","10m","month",1980,8,"1980-08","1980-08",744,1,"cfsr_10m_month_1980_08.tif",15493515,"6fe3e36efacace3d147b6e61c83d24b2","cfsr-roses-v1"
"cfsr","10m","month",1980,9,"1980-09","1980-09",720,1,"cfsr_10m_month_1980_09.tif",15633600,"437b82ec5377869b052aa2cb5c8b9173","cfsr-roses-v1"
"cfsr","10m","month",1980,10,"1980-10","1980-10",744,1,"cfsr_10m_month_1980_10.tif",15576029,"8dd6e394aa9cb581d342a7b81a522a7b","cfsr-roses-v1"
"cfsr","10m","month",1980,11,"1980-11","1980-11",720,1,"cfsr_10m_month_1980_11.tif",15616856,"946535a24f06434952f8e9023d47288e","cfsr-roses-v1"
"cfsr","10m","month",1980,12,"1980-12","1980-12",744,1,"cfsr_10m_month_1980_12.tif",15723276,"9be2f79322bb9c2191517effa0545a00","cfsr-roses-v1"
"cfsr","10m","month",1981,1,"1981-01","1981-01",744,1,"cfsr_10m_month_1981_01.tif",15690114,"f4e0ec79bb5c3a01fef1810b56fe98f6","cfsr-roses-v1"
"cfsr","10m","month",1981,2,"1981-02","1981-02",672,1,"cfsr_10m_month_1981_02.tif",15573807,"ab756b53a9588c54e7b219ab88a48b44","cfsr-roses-v1"
"cfsr","10m","month",1981,3,"1981-03","1981-03",744,1,"cfsr_10m_month_1981_03.tif",15618764,"6b166af9933208fbb1667656df4d57d5","cfsr-roses-v1"
"cfsr","10m","month",1981,4,"1981-04","1981-04",720,1,"cfsr_10m_month_1981_04.tif",15792401,"45a7b41e2c15fa494e2195b3090acebd","cfsr-roses-v1"
"cfsr","10m","month",1981,5,"1981-05","1981-05",744,1,"cfsr_10m_month_1981_05.tif",15544383,"d4a2e6464a772407b6b8d8497dcf7838","cfsr-roses-v1"
"cfsr","10m","month",1981,6,"1981-06","1981-06",720,1,"cfsr_10m_month_1981_06.tif",15387942,"316fb6ae47401031065dee87b5a25651","cfsr-roses-v1"
"cfsr","10m","month",1981,7,"1981-07","1981-07",744,1,"cfsr_10m_month_1981_07.tif",15276194,"3831ef7ba5e7ebaed1537c9a2ddd32eb","cfsr-roses-v1"
"cfsr","10m","month",1981,8,"1981-08","1981-08",744,1,"cfsr_10m_month_1981_08.tif",15444479,"ad2946b49470c534b610973e41ff8ea9","cfsr-roses-v1"
"cfsr","10m","month",1981,9,"1981-09","1981-09",720,1,"cfsr_10m_month_1981_09.tif",15583985,"afe20232f3609192a4a80c956c28b0e4","cfsr-roses-v1"
"cfsr","10m","month",1981,10,"1981-10","1981-10",744,1,"cfsr_10m_month_1981_10.tif",15732446,"a212cbd63fbd558b1ea04f05bd1c4f2c","cfsr-roses-v1"
"cfsr","10m","month",1981,11,"1981-11","1981-11",720,1,"cfsr_10m_month_1981_11.tif",15720630,"69c90064436791322a0f52ce29c7327a","cfsr-roses-v1"
"cfsr","10m","month",1981,12,"1981-12","1981-12",744,1,"cfsr_10m_month_1981_12.tif",15751224,"e6c7c784c5c243ba543aab150e0bc77b","cfsr-roses-v1"
"cfsr","10m","month",1982,1,"1982-01","1982-01",744,1,"cfsr_10m_month_1982_01.tif",15717131,"2784f24918e95b7a7eaf6f0ebb308332","cfsr-roses-v1"
"cfsr","10m","month",1982,2,"1982-02","1982-02",672,1,"cfsr_10m_month_1982_02.tif",15625219,"8b9a0f2f715a33c73d0e35823c4b12ae","cfsr-roses-v1"
"cfsr","10m","month",1982,3,"1982-03","1982-03",744,1,"cfsr_10m_month_1982_03.tif",15631497,"3aa959ca0c6fb491e9c2e6cc51c3a60c","cfsr-roses-v1"
"cfsr","10m","month",1982,4,"1982-04","1982-04",720,1,"cfsr_10m_month_1982_04.tif",15757968,"206fe567995a32cc19d621c33ad95a71","cfsr-roses-v1"
"cfsr","10m","month",1982,5,"1982-05","1982-05",744,1,"cfsr_10m_month_1982_05.tif",15701791,"39f2330093b22bc01eedf3dce7c9e260","cfsr-roses-v1"
"cfsr","10m","month",1982,6,"1982-06","1982-06",720,1,"cfsr_10m_month_1982_06.tif",15558886,"9fd0aafb12c0c38f42b6f94e8a3f4cd7","cfsr-roses-v1"
"cfsr","10m","month",1982,7,"1982-07","1982-07",744,1,"cfsr_10m_month_1982_07.tif",15484616,"7fb501801c0f278b52413506b793e060","cfsr-roses-v1"
"cfsr","10m","month",1982,8,"1982-08","1982-08",744,1,"cfsr_10m_month_1982_08.tif",15501590,"dfb42c53fb3f94e710cc109b6acf55c5","cfsr-roses-v1"
"cfsr","10m","month",1982,9,"1982-09","1982-09",720,1,"cfsr_10m_month_1982_09.tif",15753010,"eb792cde1939b4f3e936b1dcc1ff7962","cfsr-roses-v1"
"cfsr","10m","month",1982,10,"1982-10","1982-10",744,1,"cfsr_10m_month_1982_10.tif",15794767,"f4d9707db49c1116fbf776f7531a980c","cfsr-roses-v1"
"cfsr","10m","month",1982,11,"1982-11","1982-11",720,1,"cfsr_10m_month_1982_11.tif",15767852,"4d293f62c4ed57f22f5cd816f3c02df0","cfsr-roses-v1"
"cfsr","10m","month",1982,12,"1982-12","1982-12",744,1,"cfsr_10m_month_1982_12.tif",15900181,"5e9b939efb69a08da665d66e341da7f6","cfsr-roses-v1"
"cfsr","10m","month",1983,1,"1983-01","1983-01",744,1,"cfsr_10m_month_1983_01.tif",15633552,"0484e9f813fe9938581ff73363d3550d","cfsr-roses-v1"
"cfsr","10m","month",1983,2,"1983-02","1983-02",672,1,"cfsr_10m_month_1983_02.tif",15709928,"3f8bae6ca55628a8877eb093d4aad64c","cfsr-roses-v1"
"cfsr","10m","month",1983,3,"1983-03","1983-03",744,1,"cfsr_10m_month_1983_03.tif",15708019,"d76604f99c54774399c2bf128b944ab0","cfsr-roses-v1"
"cfsr","10m","month",1983,4,"1983-04","1983-04",720,1,"cfsr_10m_month_1983_04.tif",15758606,"9c84b6f7a6536f4c5b67059f2810f765","cfsr-roses-v1"
"cfsr","10m","month",1983,5,"1983-05","1983-05",744,1,"cfsr_10m_month_1983_05.tif",15593101,"a942cfb873e4d21ee9600c7b55d25145","cfsr-roses-v1"
"cfsr","10m","month",1983,6,"1983-06","1983-06",720,1,"cfsr_10m_month_1983_06.tif",15456299,"17fcf409c8c8048debc812d4fecd8a5f","cfsr-roses-v1"
"cfsr","10m","month",1983,7,"1983-07","1983-07",744,1,"cfsr_10m_month_1983_07.tif",15485372,"febebb743256a429846f83e4cc10230a","cfsr-roses-v1"
"cfsr","10m","month",1983,8,"1983-08","1983-08",744,1,"cfsr_10m_month_1983_08.tif",15404572,"3fe0cef9581760361cdd0731a7fd7f38","cfsr-roses-v1"
"cfsr","10m","month",1983,9,"1983-09","1983-09",720,1,"cfsr_10m_month_1983_09.tif",15545382,"4abc3ddbb108b0c38d188808a270e682","cfsr-roses-v1"
"cfsr","10m","month",1983,10,"1983-10","1983-10",744,1,"cfsr_10m_month_1983_10.tif",15632693,"953685b8fe6ceba6386b3662a089e612","cfsr-roses-v1"
"cfsr","10m","month",1983,11,"1983-11","1983-11",720,1,"cfsr_10m_month_1983_11.tif",15829533,"56b5a7316ea9c053863ede716ed97f9a","cfsr-roses-v1"
"cfsr","10m","month",1983,12,"1983-12","1983-12",744,1,"cfsr_10m_month_1983_12.tif",15698827,"ab0f6c136d5ebf3908a107229b805ce1","cfsr-roses-v1"
"cfsr","10m","month",1984,1,"1984-01","1984-01",744,1,"cfsr_10m_month_1984_01.tif",15703400,"753e2a4aba61df6465806ab3b5ba0149","cfsr-roses-v1"
"cfsr","10m","month",1984,2,"1984-02","1984-02",696,1,"cfsr_10m_month_1984_02.tif",15631294,"4937f9f0cd2edf879209c048a6be956a","cfsr-roses-v1"
"cfsr","10m","month",1984,3,"1984-03","1984-03",744,1,"cfsr_10m_month_1984_03.tif",15701100,"88e604947d1b088c9ebf2b52d78080aa","cfsr-roses-v1"
"cfsr","10m","month",1984,4,"1984-04","1984-04",720,1,"cfsr_10m_month_1984_04.tif",15545097,"6336ba433fcd3ae3e2dc4fadd8c0ebc0","cfsr-roses-v1"
"cfsr","10m","month",1984,5,"1984-05","1984-05",744,1,"cfsr_10m_month_1984_05.tif",15534950,"08781fa21bd7d508663bfd92e5f54261","cfsr-roses-v1"
"cfsr","10m","month",1984,6,"1984-06","1984-06",720,1,"cfsr_10m_month_1984_06.tif",15303483,"0a551739e772e341605fa65fada4181d","cfsr-roses-v1"
"cfsr","10m","month",1984,7,"1984-07","1984-07",744,1,"cfsr_10m_month_1984_07.tif",15390362,"669b1642114e2505ee37ab9b3ad2ff9d","cfsr-roses-v1"
"cfsr","10m","month",1984,8,"1984-08","1984-08",744,1,"cfsr_10m_month_1984_08.tif",15400843,"eadb3f618297ed811cba711581e15979","cfsr-roses-v1"
"cfsr","10m","month",1984,9,"1984-09","1984-09",720,1,"cfsr_10m_month_1984_09.tif",15707908,"b5d9213ffd4e7616ab407f2cd55f5a6b","cfsr-roses-v1"
"cfsr","10m","month",1984,10,"1984-10","1984-10",744,1,"cfsr_10m_month_1984_10.tif",15678460,"b72445c9b396cf9f931bb76770179c73","cfsr-roses-v1"
"cfsr","10m","month",1984,11,"1984-11","1984-11",720,1,"cfsr_10m_month_1984_11.tif",15687371,"49876cdfc65a0df3c736b84c5446f47e","cfsr-roses-v1"
"cfsr","10m","month",1984,12,"1984-12","1984-12",744,1,"cfsr_10m_month_1984_12.tif",15775113,"522e3426e58a0dc8963dbcbeb568d8cd","cfsr-roses-v1"
"cfsr","10m","month",1985,1,"1985-01","1985-01",744,1,"cfsr_10m_month_1985_01.tif",15713616,"6eb617732decd1a731bd742198efce6f","cfsr-roses-v1"
"cfsr","10m","month",1985,2,"1985-02","1985-02",672,1,"cfsr_10m_month_1985_02.tif",15634948,"e8bcc563309dbed45a962c08400162e3","cfsr-roses-v1"
"cfsr","10m","month",1985,3,"1985-03","1985-03",744,1,"cfsr_10m_month_1985_03.tif",15672732,"8ef58f0491494510a226c0f535810e2b","cfsr-roses-v1"
"cfsr","10m","month",1985,4,"1985-04","1985-04",720,1,"cfsr_10m_month_1985_04.tif",15599417,"67ebfe307810d0c6a4a30dbbb0c52388","cfsr-roses-v1"
"cfsr","10m","month",1985,5,"1985-05","1985-05",744,1,"cfsr_10m_month_1985_05.tif",15576804,"47cfdc3ee37a461e22a999e39a6b580b","cfsr-roses-v1"
"cfsr","10m","month",1985,6,"1985-06","1985-06",720,1,"cfsr_10m_month_1985_06.tif",15425689,"0460c997f486819f47633a2a9290b93d","cfsr-roses-v1"
"cfsr","10m","month",1985,7,"1985-07","1985-07",744,1,"cfsr_10m_month_1985_07.tif",15493805,"eb9c80cf47e37d6fccefe7b87c434fae","cfsr-roses-v1"
"cfsr","10m","month",1985,8,"1985-08","1985-08",744,1,"cfsr_10m_month_1985_08.tif",15390919,"be86421bea5aa7a1709ef92ce4989dde","cfsr-roses-v1"
"cfsr","10m","month",1985,9,"1985-09","1985-09",720,1,"cfsr_10m_month_1985_09.tif",15599929,"83657e7174bd21530dc6da2f628742e9","cfsr-roses-v1"
"cfsr","10m","month",1985,10,"1985-10","1985-10",744,1,"cfsr_10m_month_1985_10.tif",15747331,"822351216de519d1657fd0a6dc4c5de3","cfsr-roses-v1"
"cfsr","10m","month",1985,11,"1985-11","1985-11",720,1,"cfsr_10m_month_1985_11.tif",15873411,"dc94998d7c77e3852a5c309f8574cfe7","cfsr-roses-v1"
"cfsr","10m","month",1985,12,"1985-12","1985-12",744,1,"cfsr_10m_month_1985_12.tif",15708173,"05b82dd5d0236ce24392856397db2f59","cfsr-roses-v1"
"cfsr","10m","month",1986,1,"1986-01","1986-01",744,1,"cfsr_10m_month_1986_01.tif",15574485,"ccfbfa6bba58a2fea6051de482f3ca88","cfsr-roses-v1"
"cfsr","10m","month",1986,2,"1986-02","1986-02",672,1,"cfsr_10m_month_1986_02.tif",15676939,"472d1e130b48b1fe651acb5789cea5f3","cfsr-roses-v1"
"cfsr","10m","month",1986,3,"1986-03","1986-03",744,1,"cfsr_10m_month_1986_03.tif",15597826,"b960aed0b083d332f7d861a9c9ae2263","cfsr-roses-v1"
"cfsr","10m","month",1986,4,"1986-04","1986-04",720,1,"cfsr_10m_month_1986_04.tif",15653750,"753dc628ff345d36c6b86bc9d50f7824","cfsr-roses-v1"
"cfsr","10m","month",1986,5,"1986-05","1986-05",744,1,"cfsr_10m_month_1986_05.tif",15703192,"7e894a057228cc5aa9070a636f75e2e3","cfsr-roses-v1"
"cfsr","10m","month",1986,6,"1986-06","1986-06",720,1,"cfsr_10m_month_1986_06.tif",15544928,"847a94f9c1ec8a767589e6b431fa226b","cfsr-roses-v1"
"cfsr","10m","month",1986,7,"1986-07","1986-07",744,1,"cfsr_10m_month_1986_07.tif",15612635,"f599e8a12b96f1ee15a6662f58ffc469","cfsr-roses-v1"
"cfsr","10m","month",1986,8,"1986-08","1986-08",744,1,"cfsr_10m_month_1986_08.tif",15566287,"8607e569e53c6105345d1a80c1b83388","cfsr-roses-v1"
"cfsr","10m","month",1986,9,"1986-09","1986-09",720,1,"cfsr_10m_month_1986_09.tif",15571631,"1d185927898d4ba560452fae6e392bc3","cfsr-roses-v1"
"cfsr","10m","month",1986,10,"1986-10","1986-10",744,1,"cfsr_10m_month_1986_10.tif",15637073,"1ec0064d834d77e0ed5e9d3c1952ae5b","cfsr-roses-v1"
"cfsr","10m","month",1986,11,"1986-11","1986-11",720,1,"cfsr_10m_month_1986_11.tif",15703921,"f03e0489921f039e4c7f57f9e4d25c05","cfsr-roses-v1"
"cfsr","10m","month",1986,12,"1986-12","1986-12",744,1,"cfsr_10m_month_1986_12.tif",15653618,"3ca6cfb11abf091883e32cef9fe5ce23","cfsr-roses-v1"
"cfsr","10m","month",1987,1,"1987-01","1987-01",744,1,"cfsr_10m_month_1987_01.tif",15653389,"0fd7d9e31af81447906120147010f1eb","cfsr-roses-v1"
"cfsr","10m","month",1987,2,"1987-02","1987-02",672,1,"cfsr_10m_month_1987_02.tif",15669640,"c183788f836c0cd88352f367c9e06686","cfsr-roses-v1"
"cfsr","10m","month",1987,3,"1987-03","1987-03",744,1,"cfsr_10m_month_1987_03.tif",15730516,"77ee2cd6c463a72284d99ecb9ad7742d","cfsr-roses-v1"
"cfsr","10m","month",1987,4,"1987-04","1987-04",720,1,"cfsr_10m_month_1987_04.tif",15726236,"b8fdb193f13c72d922657ac261d80bf7","cfsr-roses-v1"
"cfsr","10m","month",1987,5,"1987-05","1987-05",744,1,"cfsr_10m_month_1987_05.tif",15701721,"17b467fa6a00b10366b5471448823e34","cfsr-roses-v1"
"cfsr","10m","month",1987,6,"1987-06","1987-06",720,1,"cfsr_10m_month_1987_06.tif",15512142,"5c2ec9fae7d31ee5f725ab370d1db99d","cfsr-roses-v1"
"cfsr","10m","month",1987,7,"1987-07","1987-07",744,1,"cfsr_10m_month_1987_07.tif",15544391,"faf90964f83ab113033f793faedf624f","cfsr-roses-v1"
"cfsr","10m","month",1987,8,"1987-08","1987-08",744,1,"cfsr_10m_month_1987_08.tif",15570715,"ee85416e4db1ddc24a36fe5a5960d66e","cfsr-roses-v1"
"cfsr","10m","month",1987,9,"1987-09","1987-09",720,1,"cfsr_10m_month_1987_09.tif",15615580,"00897989f95d9d89673c2a08ceecaf7e","cfsr-roses-v1"
"cfsr","10m","month",1987,10,"1987-10","1987-10",744,1,"cfsr_10m_month_1987_10.tif",15796589,"3896f6041b7c5f275559bce5de1727fd","cfsr-roses-v1"
"cfsr","10m","month",1987,11,"1987-11","1987-11",720,1,"cfsr_10m_month_1987_11.tif",15687904,"06910f4ce40ad0a4a8ddc4ee1c0e47e2","cfsr-roses-v1"
"cfsr","10m","month",1987,12,"1987-12","1987-12",744,1,"cfsr_10m_month_1987_12.tif",15686530,"65b69150a5a641b25786045e5a79b872","cfsr-roses-v1"
"cfsr","10m","month",1988,1,"1988-01","1988-01",744,1,"cfsr_10m_month_1988_01.tif",15616977,"12cb4ee1ff48379a86110af7957669c9","cfsr-roses-v1"
"cfsr","10m","month",1988,2,"1988-02","1988-02",696,1,"cfsr_10m_month_1988_02.tif",15718034,"8c6cba3b5a5e9a3d7401185e2c490901","cfsr-roses-v1"
"cfsr","10m","month",1988,3,"1988-03","1988-03",744,1,"cfsr_10m_month_1988_03.tif",15580374,"212c28b9e25dbf8b4fdd6fea6f09da7d","cfsr-roses-v1"
"cfsr","10m","month",1988,4,"1988-04","1988-04",720,1,"cfsr_10m_month_1988_04.tif",15580871,"0d540341b70f057b77d8ce82b2ad2511","cfsr-roses-v1"
"cfsr","10m","month",1988,5,"1988-05","1988-05",744,1,"cfsr_10m_month_1988_05.tif",15578103,"019ac27a20621a57bd5f399dde4eefcc","cfsr-roses-v1"
"cfsr","10m","month",1988,6,"1988-06","1988-06",720,1,"cfsr_10m_month_1988_06.tif",15344332,"c2ff3897be1d98e52dbe622557fb6f4c","cfsr-roses-v1"
"cfsr","10m","month",1988,7,"1988-07","1988-07",744,1,"cfsr_10m_month_1988_07.tif",15402548,"862f1be772dcbb1249536a1ce9fb0192","cfsr-roses-v1"
"cfsr","10m","month",1988,8,"1988-08","1988-08",744,1,"cfsr_10m_month_1988_08.tif",15451585,"37cad4c8a137a1eb60c6e916e7fc84c2","cfsr-roses-v1"
"cfsr","10m","month",1988,9,"1988-09","1988-09",720,1,"cfsr_10m_month_1988_09.tif",15464865,"319b8e41a98a3f0b8a2aa98a4047fa84","cfsr-roses-v1"
"cfsr","10m","month",1988,10,"1988-10","1988-10",744,1,"cfsr_10m_month_1988_10.tif",15537998,"01ee357937a8390f4de39c063fe58e5d","cfsr-roses-v1"
"cfsr","10m","month",1988,11,"1988-11","1988-11",720,1,"cfsr_10m_month_1988_11.tif",15643577,"dc4c349c4eba0bdb8cc7978a64950302","cfsr-roses-v1"
"cfsr","10m","month",1988,12,"1988-12","1988-12",744,1,"cfsr_10m_month_1988_12.tif",15694760,"fd62b21558a4cdb7cadb1649d3ae1029","cfsr-roses-v1"
"cfsr","10m","month",1989,1,"1989-01","1989-01",744,1,"cfsr_10m_month_1989_01.tif",15620545,"99c7f11fe09d91c414db9300f895bbb3","cfsr-roses-v1"
"cfsr","10m","month",1989,2,"1989-02","1989-02",672,1,"cfsr_10m_month_1989_02.tif",15716250,"88dd5b94702194d187cec2acbe875db5","cfsr-roses-v1"
"cfsr","10m","month",1989,3,"1989-03","1989-03",744,1,"cfsr_10m_month_1989_03.tif",15698648,"6385ea3d0014224f10dc05ee0a60d197","cfsr-roses-v1"
"cfsr","10m","month",1989,4,"1989-04","1989-04",720,1,"cfsr_10m_month_1989_04.tif",15661806,"893890686ca22b975addf89f2bbb452b","cfsr-roses-v1"
"cfsr","10m","month",1989,5,"1989-05","1989-05",744,1,"cfsr_10m_month_1989_05.tif",15510183,"5479f76b63fbbbfe6607b83e839cfdd2","cfsr-roses-v1"
"cfsr","10m","month",1989,6,"1989-06","1989-06",720,1,"cfsr_10m_month_1989_06.tif",15517863,"705cfd02d555fa60bcc42ec4a3213b49","cfsr-roses-v1"
"cfsr","10m","month",1989,7,"1989-07","1989-07",744,1,"cfsr_10m_month_1989_07.tif",15446385,"dab914da09c2118381b3696912cb66fb","cfsr-roses-v1"
"cfsr","10m","month",1989,8,"1989-08","1989-08",744,1,"cfsr_10m_month_1989_08.tif",15410481,"fa17e73fb7f83538297fb86e1d568b91","cfsr-roses-v1"
"cfsr","10m","month",1989,9,"1989-09","1989-09",720,1,"cfsr_10m_month_1989_09.tif",15486252,"09d581808f027d022ad42efa299aded2","cfsr-roses-v1"
"cfsr","10m","month",1989,10,"1989-10","1989-10",744,1,"cfsr_10m_month_1989_10.tif",15658257,"aee45c74c202573a9b23231a8b44a6b3","cfsr-roses-v1"
"cfsr","10m","month",1989,11,"1989-11","1989-11",720,1,"cfsr_10m_month_1989_11.tif",15708949,"2ecb1e3b265cb0171e3cb9273a92efc5","cfsr-roses-v1"
"cfsr","10m","month",1989,12,"1989-12","1989-12",744,1,"cfsr_10m_month_1989_12.tif",15683399,"d883de4b4d3cd936023fb323d5f4bba2","cfsr-roses-v1"
"cfsr","10m","month",1990,1,"1990-01","1990-01",744,1,"cfsr_10m_month_1990_01.tif",15729599,"2726e6798d6bb3c1035827e2011a52a8","cfsr-roses-v1"
"cfsr","10m","month",1990,2,"1990-02","1990-02",672,1,"cfsr_10m_month_1990_02.tif",15808324,"f8990661376cdaa54c8bb565db8b8b0a","cfsr-roses-v1"
"cfsr","10m","month",1990,3,"1990-03","1990-03",744,1,"cfsr_10m_month_1990_03.tif",15734966,"d0289404d36b6d565960346083c53f05","cfsr-roses-v1"
"cfsr","10m","month",1990,4,"1990-04","1990-04",720,1,"cfsr_10m_month_1990_04.tif",15704781,"a942b0edc4e7c37b1115978725363c2a","cfsr-roses-v1"
"cfsr","10m","month",1990,5,"1990-05","1990-05",744,1,"cfsr_10m_month_1990_05.tif",15608683,"fcad6ec78c7195c7061e27c0f88fe43c","cfsr-roses-v1"
"cfsr","10m","month",1990,6,"1990-06","1990-06",720,1,"cfsr_10m_month_1990_06.tif",15366212,"3d5db086e895678f59eef2c3bc3409c0","cfsr-roses-v1"
"cfsr","10m","month",1990,7,"1990-07","1990-07",744,1,"cfsr_10m_month_1990_07.tif",15493208,"3e85fc0debc3ec86d519d18af940d1b9","cfsr-roses-v1"
"cfsr","10m","month",1990,8,"1990-08","1990-08",744,1,"cfsr_10m_month_1990_08.tif",15520332,"87c534366228e3cd315c667ca5ddbb5e","cfsr-roses-v1"
"cfsr","10m","month",1990,9,"1990-09","1990-09",720,1,"cfsr_10m_month_1990_09.tif",15608174,"b0a6184794e761e0bcda9328ed761cd4","cfsr-roses-v1"
"cfsr","10m","month",1990,10,"1990-10","1990-10",744,1,"cfsr_10m_month_1990_10.tif",15569603,"0f315ff7f43f2131a95db74e4448536f","cfsr-roses-v1"
"cfsr","10m","month",1990,11,"1990-11","1990-11",720,1,"cfsr_10m_month_1990_11.tif",15652938,"49b2aeb3811d2395db4d68d19de03124","cfsr-roses-v1"
"cfsr","10m","month",1990,12,"1990-12","1990-12",744,1,"cfsr_10m_month_1990_12.tif",15790809,"6711d4637da4b4982136051462552be8","cfsr-roses-v1"
"cfsr","10m","month",1991,1,"1991-01","1991-01",744,1,"cfsr_10m_month_1991_01.tif",15702853,"0a58897fb6459a75800fe2a4dd401e2e","cfsr-roses-v1"
"cfsr","10m","month",1991,2,"1991-02","1991-02",672,1,"cfsr_10m_month_1991_02.tif",15653172,"49402f80b25f6def83045760ed019541","cfsr-roses-v1"
"cfsr","10m","month",1991,3,"1991-03","1991-03",744,1,"cfsr_10m_month_1991_03.tif",15691296,"3361205f0541a893177bbd1023def8eb","cfsr-roses-v1"
"cfsr","10m","month",1991,4,"1991-04","1991-04",720,1,"cfsr_10m_month_1991_04.tif",15673396,"7c356b1155d5a8573ae68d16649606fe","cfsr-roses-v1"
"cfsr","10m","month",1991,5,"1991-05","1991-05",744,1,"cfsr_10m_month_1991_05.tif",15651495,"94b601e56501211c8eb71374a54e97e8","cfsr-roses-v1"
"cfsr","10m","month",1991,6,"1991-06","1991-06",720,1,"cfsr_10m_month_1991_06.tif",15524104,"32feecf1018126b377e18e466dfabaa0","cfsr-roses-v1"
"cfsr","10m","month",1991,7,"1991-07","1991-07",744,1,"cfsr_10m_month_1991_07.tif",15502456,"8137a4b4bae71b4a8b7a050c1f07021a","cfsr-roses-v1"
"cfsr","10m","month",1991,8,"1991-08","1991-08",744,1,"cfsr_10m_month_1991_08.tif",15393903,"1ffd6211f801b13fe6bee342519ad2f8","cfsr-roses-v1"
"cfsr","10m","month",1991,9,"1991-09","1991-09",720,1,"cfsr_10m_month_1991_09.tif",15671016,"c43ba9dfb4bf0b8e7e209b8e04bf953d","cfsr-roses-v1"
"cfsr","10m","month",1991,10,"1991-10","1991-10",744,1,"cfsr_10m_month_1991_10.tif",15768734,"a3c8c2ae0a639f959aa68c17f4da3c74","cfsr-roses-v1"
"cfsr","10m","month",1991,11,"1991-11","1991-11",720,1,"cfsr_10m_month_1991_11.tif",15767477,"5be9efe312c37b3d9d0d1844e5c36a1d","cfsr-roses-v1"
"cfsr","10m","month",1991,12,"1991-12","1991-12",744,1,"cfsr_10m_month_1991_12.tif",15839202,"42ab420494ef25b047d7de3a389c527d","cfsr-roses-v1"
"cfsr","10m","month",1992,1,"1992-01","1992-01",744,1,"cfsr_10m_month_1992_01.tif",16065879,"48dc79fd9bd8cf079ef2a66835b61ea5","cfsr-roses-v1"
"cfsr","10m","month",1992,2,"1992-02","1992-02",696,1,"cfsr_10m_month_1992_02.tif",15814097,"fd067d6385c2e35a0ab71240112a89bb","cfsr-roses-v1"
"cfsr","10m","month",1992,3,"1992-03","1992-03",744,1,"cfsr_10m_month_1992_03.tif",15899559,"db6257491c5db728eb0261853f807460","cfsr-roses-v1"
"cfsr","10m","month",1992,4,"1992-04","1992-04",720,1,"cfsr_10m_month_1992_04.tif",15889794,"35585c6deead7c4152e6828e30155949","cfsr-roses-v1"
"cfsr","10m","month",1992,5,"1992-05","1992-05",744,1,"cfsr_10m_month_1992_05.tif",15894091,"d11beab5dc643ed6c60e3581dc667593","cfsr-roses-v1"
"cfsr","10m","month",1992,6,"1992-06","1992-06",720,1,"cfsr_10m_month_1992_06.tif",15730547,"3a422aa991d22fa286fc5669a9f35c16","cfsr-roses-v1"
"cfsr","10m","month",1992,7,"1992-07","1992-07",744,1,"cfsr_10m_month_1992_07.tif",15542334,"f7dfec8835f682b79be3b19ce31b91be","cfsr-roses-v1"
"cfsr","10m","month",1992,8,"1992-08","1992-08",744,1,"cfsr_10m_month_1992_08.tif",15524011,"9dac07dba9afbcb2f83f56440b16659d","cfsr-roses-v1"
"cfsr","10m","month",1992,9,"1992-09","1992-09",720,1,"cfsr_10m_month_1992_09.tif",15745335,"676ede57b2bee7df4d0ab8248e3806dc","cfsr-roses-v1"
"cfsr","10m","month",1992,10,"1992-10","1992-10",744,1,"cfsr_10m_month_1992_10.tif",15782632,"53bcc420571d823cac8be52fb4418687","cfsr-roses-v1"
"cfsr","10m","month",1992,11,"1992-11","1992-11",720,1,"cfsr_10m_month_1992_11.tif",15858668,"8905133cbf45dd837359e03f0e5e33c6","cfsr-roses-v1"
"cfsr","10m","month",1992,12,"1992-12","1992-12",744,1,"cfsr_10m_month_1992_12.tif",15855375,"001e70d0e011177993ed1e74c7802eb6","cfsr-roses-v1"
"cfsr","10m","month",1993,1,"1993-01","1993-01",744,1,"cfsr_10m_month_1993_01.tif",15888449,"1ee6cd28d8277bc626e60d05c9f0705b","cfsr-roses-v1"
"cfsr","10m","month",1993,2,"1993-02","1993-02",672,1,"cfsr_10m_month_1993_02.tif",15752438,"e639bad3670d14bc678948b425ba37be","cfsr-roses-v1"
"cfsr","10m","month",1993,3,"1993-03","1993-03",744,1,"cfsr_10m_month_1993_03.tif",15700817,"1655ce65c68a41fba48d237f5907d7c1","cfsr-roses-v1"
"cfsr","10m","month",1993,4,"1993-04","1993-04",720,1,"cfsr_10m_month_1993_04.tif",15573976,"0b9d30bfb3fc62f17e3e54e2174e2752","cfsr-roses-v1"
"cfsr","10m","month",1993,5,"1993-05","1993-05",744,1,"cfsr_10m_month_1993_05.tif",15648253,"926f61b22c045d3abdf9074787b08546","cfsr-roses-v1"
"cfsr","10m","month",1993,6,"1993-06","1993-06",720,1,"cfsr_10m_month_1993_06.tif",15566301,"dccee93a687ea9fc2bcf06c80cac025a","cfsr-roses-v1"
"cfsr","10m","month",1993,7,"1993-07","1993-07",744,1,"cfsr_10m_month_1993_07.tif",15532843,"97fe1776e288a0b79270a058d6dada4a","cfsr-roses-v1"
"cfsr","10m","month",1993,8,"1993-08","1993-08",744,1,"cfsr_10m_month_1993_08.tif",15629714,"00c468581b227a870b3a2fc1aa0183b8","cfsr-roses-v1"
"cfsr","10m","month",1993,9,"1993-09","1993-09",720,1,"cfsr_10m_month_1993_09.tif",15630503,"532d8b4b9d2a29c4e8de9a6aa8346298","cfsr-roses-v1"
"cfsr","10m","month",1993,10,"1993-10","1993-10",744,1,"cfsr_10m_month_1993_10.tif",15733588,"c6dbb2db00b1b618489f3f726fc9353b","cfsr-roses-v1"
"cfsr","10m","month",1993,11,"1993-11","1993-11",720,1,"cfsr_10m_month_1993_11.tif",15756658,"57457e6ce0afef22b5406398c7beaf5b","cfsr-roses-v1"
"cfsr","10m","month",1993,12,"1993-12","1993-12",744,1,"cfsr_10m_month_1993_12.tif",15680308,"38a79e65469af0156ca2cfbc3998f055","cfsr-roses-v1"
"cfsr","10m","month",1994,1,"1994-01","1994-01",744,1,"cfsr_10m_month_1994_01.tif",15693148,"73dee548b488f95e7d08d3b7434f1285","cfsr-roses-v1"
"cfsr","10m","month",1994,2,"1994-02","1994-02",672,1,"cfsr_10m_month_1994_02.tif",15546495,"c7879fda01062c504cb3a5fe99f5a7a0","cfsr-roses-v1"
"cfsr","10m","month",1994,3,"1994-03","1994-03",744,1,"cfsr_10m_month_1994_03.tif",15808426,"484e6dfa787964bbd55604e8fb279fe5","cfsr-roses-v1"
"cfsr","10m","month",1994,4,"1994-04","1994-04",720,1,"cfsr_10m_month_1994_04.tif",15731858,"e239db6fecdeadfc99ed725e675c37c8","cfsr-roses-v1"
"cfsr","10m","month",1994,5,"1994-05","1994-05",744,1,"cfsr_10m_month_1994_05.tif",15579208,"5f4b09a6b16d7cfe51d7e45273f02b6c","cfsr-roses-v1"
"cfsr","10m","month",1994,6,"1994-06","1994-06",720,1,"cfsr_10m_month_1994_06.tif",15347232,"8ce5a47069f79f96e51a3fdab44a7c3b","cfsr-roses-v1"
"cfsr","10m","month",1994,7,"1994-07","1994-07",744,1,"cfsr_10m_month_1994_07.tif",15422133,"672323482aaeeb15f56f10e503b3f380","cfsr-roses-v1"
"cfsr","10m","month",1994,8,"1994-08","1994-08",744,1,"cfsr_10m_month_1994_08.tif",15465526,"289e8a5b7f877ab66d53979ffc154f4d","cfsr-roses-v1"
"cfsr","10m","month",1994,9,"1994-09","1994-09",720,1,"cfsr_10m_month_1994_09.tif",15719510,"401e91d1940f7c5e1ca11311ba840b01","cfsr-roses-v1"
"cfsr","10m","month",1994,10,"1994-10","1994-10",744,1,"cfsr_10m_month_1994_10.tif",15737551,"8309b82e34393543c0cee4c57897a123","cfsr-roses-v1"
"cfsr","10m","month",1994,11,"1994-11","1994-11",720,1,"cfsr_10m_month_1994_11.tif",15778164,"3a720501d50ef440060e8b9b15aa549a","cfsr-roses-v1"
"cfsr","10m","month",1994,12,"1994-12","1994-12",744,1,"cfsr_10m_month_1994_12.tif",15786145,"60aa130b9e5281c03c7ea437536092b1","cfsr-roses-v1"
"cfsr","10m","month",1995,1,"1995-01","1995-01",744,1,"cfsr_10m_month_1995_01.tif",15746822,"5fe2a51b074a0e676bdc2130a5f3a298","cfsr-roses-v1"
"cfsr","10m","month",1995,2,"1995-02","1995-02",672,1,"cfsr_10m_month_1995_02.tif",15744368,"fbbae54691b6cc0976ea4726a73a999c","cfsr-roses-v1"
"cfsr","10m","month",1995,3,"1995-03","1995-03",744,1,"cfsr_10m_month_1995_03.tif",15634185,"0e5d0a7ce0a5bce9d267c1a6fb001f70","cfsr-roses-v1"
"cfsr","10m","month",1995,4,"1995-04","1995-04",720,1,"cfsr_10m_month_1995_04.tif",15718494,"33fb6e044a3a39bd97b3e79b3231854f","cfsr-roses-v1"
"cfsr","10m","month",1995,5,"1995-05","1995-05",744,1,"cfsr_10m_month_1995_05.tif",15707345,"4e49e4f1bbd8c34d40ae44e96c2c76a1","cfsr-roses-v1"
"cfsr","10m","month",1995,6,"1995-06","1995-06",720,1,"cfsr_10m_month_1995_06.tif",15543620,"bf0b232afa9e311e3f44a6b7b61b602a","cfsr-roses-v1"
"cfsr","10m","month",1995,7,"1995-07","1995-07",744,1,"cfsr_10m_month_1995_07.tif",15474672,"4e4de4d69a9f3bc66c85b48bcd0896e3","cfsr-roses-v1"
"cfsr","10m","month",1995,8,"1995-08","1995-08",744,1,"cfsr_10m_month_1995_08.tif",15442092,"f13c254de4240b24f7b705ba8f36a098","cfsr-roses-v1"
"cfsr","10m","month",1995,9,"1995-09","1995-09",720,1,"cfsr_10m_month_1995_09.tif",15582978,"ce11ebc448eb54733c768e8782a19241","cfsr-roses-v1"
"cfsr","10m","month",1995,10,"1995-10","1995-10",744,1,"cfsr_10m_month_1995_10.tif",15642396,"00ba7244523f92300046a711548afa0f","cfsr-roses-v1"
"cfsr","10m","month",1995,11,"1995-11","1995-11",720,1,"cfsr_10m_month_1995_11.tif",15579490,"beab5dfc1da999357371105cdc170ac8","cfsr-roses-v1"
"cfsr","10m","month",1995,12,"1995-12","1995-12",744,1,"cfsr_10m_month_1995_12.tif",15719609,"de4c596105603a3ef276b9df94d1bfc2","cfsr-roses-v1"
"cfsr","10m","month",1996,1,"1996-01","1996-01",744,1,"cfsr_10m_month_1996_01.tif",15771218,"0682ff884476fd57572987a6e289d381","cfsr-roses-v1"
"cfsr","10m","month",1996,2,"1996-02","1996-02",696,1,"cfsr_10m_month_1996_02.tif",15643867,"62524cad39d3a53c81c8b5ade63b2aff","cfsr-roses-v1"
"cfsr","10m","month",1996,3,"1996-03","1996-03",744,1,"cfsr_10m_month_1996_03.tif",15653448,"9f3d389930a40d877d97ee69e111366c","cfsr-roses-v1"
"cfsr","10m","month",1996,4,"1996-04","1996-04",720,1,"cfsr_10m_month_1996_04.tif",15701069,"426097419f91af343430aceaf691cb0b","cfsr-roses-v1"
"cfsr","10m","month",1996,5,"1996-05","1996-05",744,1,"cfsr_10m_month_1996_05.tif",15641722,"601b6a158f7d54780139bc7cf838959a","cfsr-roses-v1"
"cfsr","10m","month",1996,6,"1996-06","1996-06",720,1,"cfsr_10m_month_1996_06.tif",15478014,"5620cad2a36419b169ac6bf4f529b898","cfsr-roses-v1"
"cfsr","10m","month",1996,7,"1996-07","1996-07",744,1,"cfsr_10m_month_1996_07.tif",15458849,"e6d5ca315d4a6e1e2196cc2a39172d81","cfsr-roses-v1"
"cfsr","10m","month",1996,8,"1996-08","1996-08",744,1,"cfsr_10m_month_1996_08.tif",15571895,"b6e5bddae81ac181d2bfcae7c4d1c060","cfsr-roses-v1"
"cfsr","10m","month",1996,9,"1996-09","1996-09",720,1,"cfsr_10m_month_1996_09.tif",15565695,"dba5d392399c94c608f899583f028c50","cfsr-roses-v1"
"cfsr","10m","month",1996,10,"1996-10","1996-10",744,1,"cfsr_10m_month_1996_10.tif",15586070,"b6412da494c2507acaf5a67b40a16091","cfsr-roses-v1"
"cfsr","10m","month",1996,11,"1996-11","1996-11",720,1,"cfsr_10m_month_1996_11.tif",15786321,"088569accc6f012788615b1f50b67ed5","cfsr-roses-v1"
"cfsr","10m","month",1996,12,"1996-12","1996-12",744,1,"cfsr_10m_month_1996_12.tif",15796496,"017f011c2fe237aac62b56fc01bec04c","cfsr-roses-v1"
"cfsr","10m","month",1997,1,"1997-01","1997-01",744,1,"cfsr_10m_month_1997_01.tif",15731573,"f6fa9aa3cc4035db79af1e8470068b7e","cfsr-roses-v1"
"cfsr","10m","month",1997,2,"1997-02","1997-02",672,1,"cfsr_10m_month_1997_02.tif",15552170,"97613e0dd21265f8c8e2bb9f5a711ab4","cfsr-roses-v1"
"cfsr","10m","month",1997,3,"1997-03","1997-03",744,1,"cfsr_10m_month_1997_03.tif",15777309,"edae41c3211dd51041a3885c0f71ab8a","cfsr-roses-v1"
"cfsr","10m","month",1997,4,"1997-04","1997-04",720,1,"cfsr_10m_month_1997_04.tif",15736102,"d5250c1eb5b50f4e7a1017cd8e397a81","cfsr-roses-v1"
"cfsr","10m","month",1997,5,"1997-05","1997-05",744,1,"cfsr_10m_month_1997_05.tif",15766845,"fecf44cea3c1a1b3325b589086d7cbd2","cfsr-roses-v1"
"cfsr","10m","month",1997,6,"1997-06","1997-06",720,1,"cfsr_10m_month_1997_06.tif",15571053,"81ef65b6732d2ab340c7c6ff184579b6","cfsr-roses-v1"
"cfsr","10m","month",1997,7,"1997-07","1997-07",744,1,"cfsr_10m_month_1997_07.tif",15608240,"1d4f5ebe213d60e74d18f433f5be44ac","cfsr-roses-v1"
"cfsr","10m","month",1997,8,"1997-08","1997-08",744,1,"cfsr_10m_month_1997_08.tif",15561150,"38eef9c0f1b67be56dbdf4b572e90ae2","cfsr-roses-v1"
"cfsr","10m","month",1997,9,"1997-09","1997-09",720,1,"cfsr_10m_month_1997_09.tif",15736757,"9259c1e5a1762b15789a4a5e3e156563","cfsr-roses-v1"
"cfsr","10m","month",1997,10,"1997-10","1997-10",744,1,"cfsr_10m_month_1997_10.tif",15708028,"0936670c5b7ad8c90d46030e6001f371","cfsr-roses-v1"
"cfsr","10m","month",1997,11,"1997-11","1997-11",720,1,"cfsr_10m_month_1997_11.tif",15683522,"500a7f4ad3d13c19612baab29c9b518a","cfsr-roses-v1"
"cfsr","10m","month",1997,12,"1997-12","1997-12",744,1,"cfsr_10m_month_1997_12.tif",15799928,"007e9649cd16ec6ba44a07e0c7451a68","cfsr-roses-v1"
"cfsr","10m","month",1998,1,"1998-01","1998-01",744,1,"cfsr_10m_month_1998_01.tif",15712991,"45d755f7b5fb7c6772acb4e038a8f197","cfsr-roses-v1"
"cfsr","10m","month",1998,2,"1998-02","1998-02",672,1,"cfsr_10m_month_1998_02.tif",15716957,"37ede5d5823c9ab6b3792f530e4b3123","cfsr-roses-v1"
"cfsr","10m","month",1998,3,"1998-03","1998-03",744,1,"cfsr_10m_month_1998_03.tif",15637755,"40e7b72087710e8021b57d2805cda702","cfsr-roses-v1"
"cfsr","10m","month",1998,4,"1998-04","1998-04",720,1,"cfsr_10m_month_1998_04.tif",15632102,"a6282bd9469fb33ca44a1497054ab9bb","cfsr-roses-v1"
"cfsr","10m","month",1998,5,"1998-05","1998-05",744,1,"cfsr_10m_month_1998_05.tif",15758263,"789d4cf86b36805cddaef72e14e85444","cfsr-roses-v1"
"cfsr","10m","month",1998,6,"1998-06","1998-06",720,1,"cfsr_10m_month_1998_06.tif",15508908,"4ed9d0e59cd2e6cd95aff47314629e61","cfsr-roses-v1"
"cfsr","10m","month",1998,7,"1998-07","1998-07",744,1,"cfsr_10m_month_1998_07.tif",15380436,"6c380fb95658db28374e8530937d1200","cfsr-roses-v1"
"cfsr","10m","month",1998,8,"1998-08","1998-08",744,1,"cfsr_10m_month_1998_08.tif",15567272,"d0ef4e40436b8b90d39447a08285a5c6","cfsr-roses-v1"
"cfsr","10m","month",1998,9,"1998-09","1998-09",720,1,"cfsr_10m_month_1998_09.tif",15545043,"1d4d5ac65ff087b797c3cf92cf413f21","cfsr-roses-v1"
"cfsr","10m","month",1998,10,"1998-10","1998-10",744,1,"cfsr_10m_month_1998_10.tif",15525698,"5efa656a1e09cd27952f5deb8554c9b8","cfsr-roses-v1"
"cfsr","10m","month",1998,11,"1998-11","1998-11",720,1,"cfsr_10m_month_1998_11.tif",15516804,"3ff2a594c9a6c382dd369140b25e477f","cfsr-roses-v1"
"cfsr","10m","month",1998,12,"1998-12","1998-12",744,1,"cfsr_10m_month_1998_12.tif",15679635,"567e11d32bc00e2692117d65747b619f","cfsr-roses-v1"
"cfsr","10m","month",1999,1,"1999-01","1999-01",744,1,"cfsr_10m_month_1999_01.tif",15567542,"03206fd6875804a06182d891dffb7d79","cfsr-roses-v1"
"cfsr","10m","month",1999,2,"1999-02","1999-02",672,1,"cfsr_10m_month_1999_02.tif",15676175,"6dcac138efeccbee958602807ee9167b","cfsr-roses-v1"
"cfsr","10m","month",1999,3,"1999-03","1999-03",744,1,"cfsr_10m_month_1999_03.tif",15603666,"deedf07b31687cb8d05cd6206346dc34","cfsr-roses-v1"
"cfsr","10m","month",1999,4,"1999-04","1999-04",720,1,"cfsr_10m_month_1999_04.tif",15578975,"f4f6888796cee180cac38ad1978422f2","cfsr-roses-v1"
"cfsr","10m","month",1999,5,"1999-05","1999-05",744,1,"cfsr_10m_month_1999_05.tif",15540701,"31afb2b486ea7c77a6773a6e6a228774","cfsr-roses-v1"
"cfsr","10m","month",1999,6,"1999-06","1999-06",720,1,"cfsr_10m_month_1999_06.tif",15479017,"7c463a1fa9b32022573afc89590c0520","cfsr-roses-v1"
"cfsr","10m","month",1999,7,"1999-07","1999-07",744,1,"cfsr_10m_month_1999_07.tif",15464695,"99119d3d7313c1bf65bb72f4eb63972f","cfsr-roses-v1"
"cfsr","10m","month",1999,8,"1999-08","1999-08",744,1,"cfsr_10m_month_1999_08.tif",15516711,"8659ebcb54e9c5e8acfdc0a60c39f78a","cfsr-roses-v1"
"cfsr","10m","month",1999,9,"1999-09","1999-09",720,1,"cfsr_10m_month_1999_09.tif",15530998,"f1b58732485da6cbcff72bf2eef511ab","cfsr-roses-v1"
"cfsr","10m","month",1999,10,"1999-10","1999-10",744,1,"cfsr_10m_month_1999_10.tif",15579372,"925e5b444bbec4c0fdf0c98414fa041e","cfsr-roses-v1"
"cfsr","10m","month",1999,11,"1999-11","1999-11",720,1,"cfsr_10m_month_1999_11.tif",15742520,"d4707643688b54fe066f188705807f5a","cfsr-roses-v1"
"cfsr","10m","month",1999,12,"1999-12","1999-12",744,1,"cfsr_10m_month_1999_12.tif",15725654,"026522052c35dca6ecb1661068a977d0","cfsr-roses-v1"
"cfsr","10m","month",2000,1,"2000-01","2000-01",744,1,"cfsr_10m_month_2000_01.tif",15786639,"ad2f0c9d62470e6e84ff98fd7a817e09","cfsr-roses-v1"
"cfsr","10m","month",2000,2,"2000-02","2000-02",696,1,"cfsr_10m_month_2000_02.tif",15695005,"c0529b593dfe98cbcd2844c43e289221","cfsr-roses-v1"
"cfsr","10m","month",2000,3,"2000-03","2000-03",744,1,"cfsr_10m_month_2000_03.tif",15663483,"3c138ae39bd7d408734b075af44f0ca2","cfsr-roses-v1"
"cfsr","10m","month",2000,4,"2000-04","2000-04",720,1,"cfsr_10m_month_2000_04.tif",15557553,"496e88236a0ebb83fd58a728d37926ee","cfsr-roses-v1"
"cfsr","10m","month",2000,5,"2000-05","2000-05",744,1,"cfsr_10m_month_2000_05.tif",15563545,"a25ac94b663323f9d15557ee2f00be7a","cfsr-roses-v1"
"cfsr","10m","month",2000,6,"2000-06","2000-06",720,1,"cfsr_10m_month_2000_06.tif",15374089,"accdd5bc7dfcd22b029374a0b7477f15","cfsr-roses-v1"
"cfsr","10m","month",2000,7,"2000-07","2000-07",744,1,"cfsr_10m_month_2000_07.tif",15571585,"a9b31e23a2189c585132d10bce77115c","cfsr-roses-v1"
"cfsr","10m","month",2000,8,"2000-08","2000-08",744,1,"cfsr_10m_month_2000_08.tif",15643278,"eb21991a4c740974b8443947832fe2e2","cfsr-roses-v1"
"cfsr","10m","month",2000,9,"2000-09","2000-09",720,1,"cfsr_10m_month_2000_09.tif",15717882,"361ae02d3cc7ff8df434dd7928f103e0","cfsr-roses-v1"
"cfsr","10m","month",2000,10,"2000-10","2000-10",744,1,"cfsr_10m_month_2000_10.tif",15755953,"60e363cb8508d4c0920ec6be53bc4d7a","cfsr-roses-v1"
"cfsr","10m","month",2000,11,"2000-11","2000-11",720,1,"cfsr_10m_month_2000_11.tif",15739434,"7316b3f4420dbda3733e12f389f1c0fa","cfsr-roses-v1"
"cfsr","10m","month",2000,12,"2000-12","2000-12",744,1,"cfsr_10m_month_2000_12.tif",15691889,"5dfec98a339054be7fa9406e23805d4e","cfsr-roses-v1"
"cfsr","10m","month",2001,1,"2001-01","2001-01",744,1,"cfsr_10m_month_2001_01.tif",15643198,"86c220816c6a75b513af70a4b58cf1b3","cfsr-roses-v1"
"cfsr","10m","month",2001,2,"2001-02","2001-02",672,1,"cfsr_10m_month_2001_02.tif",15697247,"1db991e61987f954b54f630002ac92d3","cfsr-roses-v1"
"cfsr","10m","month",2001,3,"2001-03","2001-03",744,1,"cfsr_10m_month_2001_03.tif",15719400,"3514ed8a945c802ce996b0a5df835819","cfsr-roses-v1"
"cfsr","10m","month",2001,4,"2001-04","2001-04",720,1,"cfsr_10m_month_2001_04.tif",15580925,"00fb7ad9c46a02a8c0db634f9a7b3fdf","cfsr-roses-v1"
"cfsr","10m","month",2001,5,"2001-05","2001-05",744,1,"cfsr_10m_month_2001_05.tif",15620991,"1ef52ffd4de91711d02ba3e3999ea1c1","cfsr-roses-v1"
"cfsr","10m","month",2001,6,"2001-06","2001-06",720,1,"cfsr_10m_month_2001_06.tif",15524289,"48c422136c8e6af975c5e4a013bef171","cfsr-roses-v1"
"cfsr","10m","month",2001,7,"2001-07","2001-07",744,1,"cfsr_10m_month_2001_07.tif",15486524,"a29fb3148afc6e0828581ecd540ee745","cfsr-roses-v1"
"cfsr","10m","month",2001,8,"2001-08","2001-08",744,1,"cfsr_10m_month_2001_08.tif",15474200,"4a2a5c31e40ed02df829fe8c489f6213","cfsr-roses-v1"
"cfsr","10m","month",2001,9,"2001-09","2001-09",720,1,"cfsr_10m_month_2001_09.tif",15543898,"293c8e5bd33c1b09d7de2054a0f28cbc","cfsr-roses-v1"
"cfsr","10m","month",2001,10,"2001-10","2001-10",744,1,"cfsr_10m_month_2001_10.tif",15667357,"318ede1077c58026bfb610a7601e2752","cfsr-roses-v1"
"cfsr","10m","month",2001,11,"2001-11","2001-11",720,1,"cfsr_10m_month_2001_11.tif",15642763,"473f926c72f8870e9f88fa8620ada6b6","cfsr-roses-v1"
"cfsr","10m","month",2001,12,"2001-12","2001-12",744,1,"cfsr_10m_month_2001_12.tif",15690064,"e36455a8baa32c163f6e76a0e9789133","cfsr-roses-v1"
"cfsr","10m","month",2002,1,"2002-01","2002-01",744,1,"cfsr_10m_month_2002_01.tif",15687573,"23cc73232c75fcf35bd646674ba45d6f","cfsr-roses-v1"
"cfsr","10m","month",2002,2,"2002-02","2002-02",672,1,"cfsr_10m_month_2002_02.tif",15618626,"e1b069d7caa132c513c99d439de57d9d","cfsr-roses-v1"
"cfsr","10m","month",2002,3,"2002-03","2002-03",744,1,"cfsr_10m_month_2002_03.tif",15634433,"04d44327cc6048e489b616f7fc122070","cfsr-roses-v1"
"cfsr","10m","month",2002,4,"2002-04","2002-04",720,1,"cfsr_10m_month_2002_04.tif",15629994,"7823e61a162c3204c7ec57588b7eaf51","cfsr-roses-v1"
"cfsr","10m","month",2002,5,"2002-05","2002-05",744,1,"cfsr_10m_month_2002_05.tif",15519660,"070b9cae6810bcfbc6eebf477719e822","cfsr-roses-v1"
"cfsr","10m","month",2002,6,"2002-06","2002-06",720,1,"cfsr_10m_month_2002_06.tif",15291977,"1e2d45184a90554c02fd6f06fb47e8a2","cfsr-roses-v1"
"cfsr","10m","month",2002,7,"2002-07","2002-07",744,1,"cfsr_10m_month_2002_07.tif",15454852,"35ae00b54b47f25d8b6c1e157ca235bc","cfsr-roses-v1"
"cfsr","10m","month",2002,8,"2002-08","2002-08",744,1,"cfsr_10m_month_2002_08.tif",15506547,"84ddc152973eb3feb7498ae3555ea628","cfsr-roses-v1"
"cfsr","10m","month",2002,9,"2002-09","2002-09",720,1,"cfsr_10m_month_2002_09.tif",15621211,"89b34464e01af9ada9fe4c368f737520","cfsr-roses-v1"
"cfsr","10m","month",2002,10,"2002-10","2002-10",744,1,"cfsr_10m_month_2002_10.tif",15618303,"2ed836ac6f1ee3f2e3091efd09fd3928","cfsr-roses-v1"
"cfsr","10m","month",2002,11,"2002-11","2002-11",720,1,"cfsr_10m_month_2002_11.tif",15653358,"a1b4638e9279d2b12f923f908aa7521f","cfsr-roses-v1"
"cfsr","10m","month",2002,12,"2002-12","2002-12",744,1,"cfsr_10m_month_2002_12.tif",15695442,"19cfcf4c571c6a891156f08dfdc2c9c0","cfsr-roses-v1"
"cfsr","10m","month",2003,1,"2003-01","2003-01",744,1,"cfsr_10m_month_2003_01.tif",15578597,"5041391e33cc0b6d8c76095a38951de9","cfsr-roses-v1"
"cfsr","10m","month",2003,2,"2003-02","2003-02",672,1,"cfsr_10m_month_2003_02.tif",15612985,"fabd910326e601198ee8a8925bf56f3e","cfsr-roses-v1"
"cfsr","10m","month",2003,3,"2003-03","2003-03",744,1,"cfsr_10m_month_2003_03.tif",15666731,"37eea63eb756fbc5977ab50610aa6064","cfsr-roses-v1"
"cfsr","10m","month",2003,4,"2003-04","2003-04",720,1,"cfsr_10m_month_2003_04.tif",15612380,"795f07e78bc89eb576a15ef2a19e990e","cfsr-roses-v1"
"cfsr","10m","month",2003,5,"2003-05","2003-05",744,1,"cfsr_10m_month_2003_05.tif",15647255,"d3eb08389c26cf9a82e41fb18dbb4f7e","cfsr-roses-v1"
"cfsr","10m","month",2003,6,"2003-06","2003-06",720,1,"cfsr_10m_month_2003_06.tif",15430378,"3d40765dc652d989590307f2df52d0b1","cfsr-roses-v1"
"cfsr","10m","month",2003,7,"2003-07","2003-07",744,1,"cfsr_10m_month_2003_07.tif",15351834,"ccae9c40e3b957eba87d611846805172","cfsr-roses-v1"
"cfsr","10m","month",2003,8,"2003-08","2003-08",744,1,"cfsr_10m_month_2003_08.tif",15460887,"2f4c17f967663cc73bf478fe61c60a7d","cfsr-roses-v1"
"cfsr","10m","month",2003,9,"2003-09","2003-09",720,1,"cfsr_10m_month_2003_09.tif",15457048,"22768e4ec5de2499cdd21380e9958feb","cfsr-roses-v1"
"cfsr","10m","month",2003,10,"2003-10","2003-10",744,1,"cfsr_10m_month_2003_10.tif",15686470,"6836e747644d68eaac8a3468e4cb73c1","cfsr-roses-v1"
"cfsr","10m","month",2003,11,"2003-11","2003-11",720,1,"cfsr_10m_month_2003_11.tif",15712375,"15e58ee7934ed11f0d7d8279a3122409","cfsr-roses-v1"
"cfsr","10m","month",2003,12,"2003-12","2003-12",744,1,"cfsr_10m_month_2003_12.tif",15511948,"432985c03005adcd3d6b2d3a879bcfe9","cfsr-roses-v1"
"cfsr","10m","month",2004,1,"2004-01","2004-01",744,1,"cfsr_10m_month_2004_01.tif",15758729,"db8c96fb16d393d0249b46bc3bc56799","cfsr-roses-v1"
"cfsr","10m","month",2004,2,"2004-02","2004-02",696,1,"cfsr_10m_month_2004_02.tif",15592356,"e86644a4a0cc2a5b2f43122f47ced61b","cfsr-roses-v1"
"cfsr","10m","month",2004,3,"2004-03","2004-03",744,1,"cfsr_10m_month_2004_03.tif",15708202,"f25f5fcb11d5f8ddbbc3cf6ba932cde5","cfsr-roses-v1"
"cfsr","10m","month",2004,4,"2004-04","2004-04",720,1,"cfsr_10m_month_2004_04.tif",15620625,"26d47556d798454f8576ec627f735253","cfsr-roses-v1"
"cfsr","10m","month",2004,5,"2004-05","2004-05",744,1,"cfsr_10m_month_2004_05.tif",15664007,"ff674dc4eb077435c39d36e185be5240","cfsr-roses-v1"
"cfsr","10m","month",2004,6,"2004-06","2004-06",720,1,"cfsr_10m_month_2004_06.tif",15442563,"503bc9c5505dbed7d781efb971f5fb5e","cfsr-roses-v1"
"cfsr","10m","month",2004,7,"2004-07","2004-07",744,1,"cfsr_10m_month_2004_07.tif",15611829,"ec8469ae4a2fe06b1f6237186249cb60","cfsr-roses-v1"
"cfsr","10m","month",2004,8,"2004-08","2004-08",744,1,"cfsr_10m_month_2004_08.tif",15495009,"643a6a6a6ab164fbc8fe09fe635f1b9c","cfsr-roses-v1"
"cfsr","10m","month",2004,9,"2004-09","2004-09",720,1,"cfsr_10m_month_2004_09.tif",15552494,"1f767db34d506ed4b878af2d1d5ae6d0","cfsr-roses-v1"
"cfsr","10m","month",2004,10,"2004-10","2004-10",744,1,"cfsr_10m_month_2004_10.tif",15652886,"bf81ed0cf1d77d5265f9d1c46fb67134","cfsr-roses-v1"
"cfsr","10m","month",2004,11,"2004-11","2004-11",720,1,"cfsr_10m_month_2004_11.tif",15639008,"7ffaa79cef6c635b2a6cf4f4a91942cd","cfsr-roses-v1"
"cfsr","10m","month",2004,12,"2004-12","2004-12",744,1,"cfsr_10m_month_2004_12.tif",15738991,"310fad169e4e14b084279ba2ff1c166f","cfsr-roses-v1"
"cfsr","10m","month",2005,1,"2005-01","2005-01",744,1,"cfsr_10m_month_2005_01.tif",15671771,"73c162727af8957afeb48addfdb3fa1c","cfsr-roses-v1"
"cfsr","10m","month",2005,2,"2005-02","2005-02",672,1,"cfsr_10m_month_2005_02.tif",15622965,"4fae230dc685ba59464843860c34f551","cfsr-roses-v1"
"cfsr","10m","month",2005,3,"2005-03","2005-03",744,1,"cfsr_10m_month_2005_03.tif",15601412,"8d4f95226f9b6b26f16161bd6891ce92","cfsr-roses-v1"
"cfsr","10m","month",2005,4,"2005-04","2005-04",720,1,"cfsr_10m_month_2005_04.tif",15542167,"4a67b9d427e461e1b4818d64cec96811","cfsr-roses-v1"
"cfsr","10m","month",2005,5,"2005-05","2005-05",744,1,"cfsr_10m_month_2005_05.tif",15567897,"fc69f254d3e6fcc95f14823615d2a933","cfsr-roses-v1"
"cfsr","10m","month",2005,6,"2005-06","2005-06",720,1,"cfsr_10m_month_2005_06.tif",15493395,"4f2061b2a658672062732ca5ce2b1d16","cfsr-roses-v1"
"cfsr","10m","month",2005,7,"2005-07","2005-07",744,1,"cfsr_10m_month_2005_07.tif",15415226,"bae561dd4198279cba2202e618b02eec","cfsr-roses-v1"
"cfsr","10m","month",2005,8,"2005-08","2005-08",744,1,"cfsr_10m_month_2005_08.tif",15515186,"a2338dadc26902757306e176338bb401","cfsr-roses-v1"
"cfsr","10m","month",2005,9,"2005-09","2005-09",720,1,"cfsr_10m_month_2005_09.tif",15652599,"f369b193aca58706390d161cdf7ffece","cfsr-roses-v1"
"cfsr","10m","month",2005,10,"2005-10","2005-10",744,1,"cfsr_10m_month_2005_10.tif",15663949,"e653db6cc0e824c1d7ce27ea36326985","cfsr-roses-v1"
"cfsr","10m","month",2005,11,"2005-11","2005-11",720,1,"cfsr_10m_month_2005_11.tif",15746569,"f99f1b091c4c001c2dad8cc2cc6f421e","cfsr-roses-v1"
"cfsr","10m","month",2005,12,"2005-12","2005-12",744,1,"cfsr_10m_month_2005_12.tif",15732415,"a5422e9040778449f75885cae6ee5567","cfsr-roses-v1"
"cfsr","10m","month",2006,1,"2006-01","2006-01",744,1,"cfsr_10m_month_2006_01.tif",15725231,"201bc34037b3357dcb687a83c4ceaa2d","cfsr-roses-v1"
"cfsr","10m","month",2006,2,"2006-02","2006-02",672,1,"cfsr_10m_month_2006_02.tif",15635602,"b43213cccfb15af79fdd84bc266e070b","cfsr-roses-v1"
"cfsr","10m","month",2006,3,"2006-03","2006-03",744,1,"cfsr_10m_month_2006_03.tif",15580403,"e27708a84172814be2381fae1155e7e5","cfsr-roses-v1"
"cfsr","10m","month",2006,4,"2006-04","2006-04",720,1,"cfsr_10m_month_2006_04.tif",15604450,"ef129c84671b7608c50803f59f4af8d2","cfsr-roses-v1"
"cfsr","10m","month",2006,5,"2006-05","2006-05",744,1,"cfsr_10m_month_2006_05.tif",15699294,"65b3b596e1c9caee0b26ac99ef29d1b1","cfsr-roses-v1"
"cfsr","10m","month",2006,6,"2006-06","2006-06",720,1,"cfsr_10m_month_2006_06.tif",15431176,"1c921898afee0049ac531a14f76d233e","cfsr-roses-v1"
"cfsr","10m","month",2006,7,"2006-07","2006-07",744,1,"cfsr_10m_month_2006_07.tif",15418948,"e125da7cea130c3abb902da26fa8c75b","cfsr-roses-v1"
"cfsr","10m","month",2006,8,"2006-08","2006-08",744,1,"cfsr_10m_month_2006_08.tif",15474543,"78480d6bcf2f355cd198451d674222b7","cfsr-roses-v1"
"cfsr","10m","month",2006,9,"2006-09","2006-09",720,1,"cfsr_10m_month_2006_09.tif",15542167,"c1b92b952697eb62e4b105d04aeae039","cfsr-roses-v1"
"cfsr","10m","month",2006,10,"2006-10","2006-10",744,1,"cfsr_10m_month_2006_10.tif",15730429,"4b1116391fd2e2ca436cfbc14f283876","cfsr-roses-v1"
"cfsr","10m","month",2006,11,"2006-11","2006-11",720,1,"cfsr_10m_month_2006_11.tif",15745725,"d85fe81b1b2e8272d0fd666bcf845ac3","cfsr-roses-v1"
"cfsr","10m","month",2006,12,"2006-12","2006-12",744,1,"cfsr_10m_month_2006_12.tif",15627082,"e448d731b00363782a31d050c3d1a570","cfsr-roses-v1"
"cfsr","10m","month",2007,1,"2007-01","2007-01",744,1,"cfsr_10m_month_2007_01.tif",15643874,"85d5cdc7f867e7d999e539984434476c","cfsr-roses-v1"
"cfsr","10m","month",2007,2,"2007-02","2007-02",672,1,"cfsr_10m_month_2007_02.tif",15524920,"1d0d2bd14d42b4b1cc15d031e3e01be6","cfsr-roses-v1"
"cfsr","10m","month",2007,3,"2007-03","2007-03",744,1,"cfsr_10m_month_2007_03.tif",15570558,"778d2876cc29566f9c1aac174348bb79","cfsr-roses-v1"
"cfsr","10m","month",2007,4,"2007-04","2007-04",720,1,"cfsr_10m_month_2007_04.tif",15522930,"957ab54f92d2d2bf27b48eaf2ebac876","cfsr-roses-v1"
"cfsr","10m","month",2007,5,"2007-05","2007-05",744,1,"cfsr_10m_month_2007_05.tif",15501556,"047be3f8df6fb32068554142c1ffdfdb","cfsr-roses-v1"
"cfsr","10m","month",2007,6,"2007-06","2007-06",720,1,"cfsr_10m_month_2007_06.tif",15432212,"a58f287343be87861e2f7d6f6451a8cf","cfsr-roses-v1"
"cfsr","10m","month",2007,7,"2007-07","2007-07",744,1,"cfsr_10m_month_2007_07.tif",15481841,"91fbb43bd3a9b9c2aac51dccee13fc5f","cfsr-roses-v1"
"cfsr","10m","month",2007,8,"2007-08","2007-08",744,1,"cfsr_10m_month_2007_08.tif",15453873,"5c1a45193dc43b856afed668f134807f","cfsr-roses-v1"
"cfsr","10m","month",2007,9,"2007-09","2007-09",720,1,"cfsr_10m_month_2007_09.tif",15524901,"9178a865b46f7d018d75b7a4946c027c","cfsr-roses-v1"
"cfsr","10m","month",2007,10,"2007-10","2007-10",744,1,"cfsr_10m_month_2007_10.tif",15628778,"b6c9973fce2c2fcf16402a052db29e74","cfsr-roses-v1"
"cfsr","10m","month",2007,11,"2007-11","2007-11",720,1,"cfsr_10m_month_2007_11.tif",15719217,"44ce74eddef1cb914c26df776f8ef2f6","cfsr-roses-v1"
"cfsr","10m","month",2007,12,"2007-12","2007-12",744,1,"cfsr_10m_month_2007_12.tif",15655220,"8cfe21efbb6437084295eb0277a6d093","cfsr-roses-v1"
"cfsr","10m","month",2008,1,"2008-01","2008-01",744,1,"cfsr_10m_month_2008_01.tif",15639556,"0b1cd1817dec594b669fce9f4fe4183a","cfsr-roses-v1"
"cfsr","10m","month",2008,2,"2008-02","2008-02",696,1,"cfsr_10m_month_2008_02.tif",15615419,"aa0365254c34a7a34f04cbd6fa393e21","cfsr-roses-v1"
"cfsr","10m","month",2008,3,"2008-03","2008-03",744,1,"cfsr_10m_month_2008_03.tif",15559123,"66b95f73dbf2c30fd0ed9f70d3b3db98","cfsr-roses-v1"
"cfsr","10m","month",2008,4,"2008-04","2008-04",720,1,"cfsr_10m_month_2008_04.tif",15515941,"eca7fc69d1b3b2e398ff09fb2997681d","cfsr-roses-v1"
"cfsr","10m","month",2008,5,"2008-05","2008-05",744,1,"cfsr_10m_month_2008_05.tif",15509560,"6359d9f185a6ae68e59c79dbb4707408","cfsr-roses-v1"
"cfsr","10m","month",2008,6,"2008-06","2008-06",720,1,"cfsr_10m_month_2008_06.tif",15466879,"da0c846f484140b515db80626f09b0e0","cfsr-roses-v1"
"cfsr","10m","month",2008,7,"2008-07","2008-07",744,1,"cfsr_10m_month_2008_07.tif",15424896,"1a41831582f6319f76e02de3bda31dec","cfsr-roses-v1"
"cfsr","10m","month",2008,8,"2008-08","2008-08",744,1,"cfsr_10m_month_2008_08.tif",15453504,"2841b1c9cdaa44dabe1dd7cd61fde0f7","cfsr-roses-v1"
"cfsr","10m","month",2008,9,"2008-09","2008-09",720,1,"cfsr_10m_month_2008_09.tif",15608479,"1cdbb44e1adb87e1519db6f4730cec44","cfsr-roses-v1"
"cfsr","10m","month",2008,10,"2008-10","2008-10",744,1,"cfsr_10m_month_2008_10.tif",15599093,"b0a6bd99f87e9bbce6822db640457131","cfsr-roses-v1"
"cfsr","10m","month",2008,11,"2008-11","2008-11",720,1,"cfsr_10m_month_2008_11.tif",15588538,"8721859ba8b1efa6753f1939b1c2f7e0","cfsr-roses-v1"
"cfsr","10m","month",2008,12,"2008-12","2008-12",744,1,"cfsr_10m_month_2008_12.tif",15594808,"bf13a4509c35dcdbd1fe66060848dc9c","cfsr-roses-v1"
"cfsr","10m","month",2009,1,"2009-01","2009-01",744,1,"cfsr_10m_month_2009_01.tif",15635008,"df3d662687a54b879e4e29f189a12e3d","cfsr-roses-v1"
"cfsr","10m","month",2009,2,"2009-02","2009-02",672,1,"cfsr_10m_month_2009_02.tif",15564273,"105caa5cb4cf71e66a09fe20c5bdf136","cfsr-roses-v1"
"cfsr","10m","month",2009,3,"2009-03","2009-03",744,1,"cfsr_10m_month_2009_03.tif",15769853,"3cbda7162d44346e2ae6dd2213653f13","cfsr-roses-v1"
"cfsr","10m","month",2009,4,"2009-04","2009-04",720,1,"cfsr_10m_month_2009_04.tif",15697013,"8f8d07aab208a571a12cccc70fc11673","cfsr-roses-v1"
"cfsr","10m","month",2009,5,"2009-05","2009-05",744,1,"cfsr_10m_month_2009_05.tif",15626194,"876b7779c3ac16655aefdbdafbd229cd","cfsr-roses-v1"
"cfsr","10m","month",2009,6,"2009-06","2009-06",720,1,"cfsr_10m_month_2009_06.tif",15546025,"f6ba65efe9884f45120813255b35bfae","cfsr-roses-v1"
"cfsr","10m","month",2009,7,"2009-07","2009-07",744,1,"cfsr_10m_month_2009_07.tif",15465738,"0f6dfa4375b3044f1a376fa4a8fcf8f8","cfsr-roses-v1"
"cfsr","10m","month",2009,8,"2009-08","2009-08",744,1,"cfsr_10m_month_2009_08.tif",15581909,"92bb948a50d79dc5a02ebc33c870d3ca","cfsr-roses-v1"
"cfsr","10m","month",2009,9,"2009-09","2009-09",720,1,"cfsr_10m_month_2009_09.tif",15489140,"b86ed6fd2c61bac07904f53223dbf3ee","cfsr-roses-v1"
"cfsr","10m","month",2009,10,"2009-10","2009-10",744,1,"cfsr_10m_month_2009_10.tif",15636075,"40718fe070c658a64b4212ae5f056efd","cfsr-roses-v1"
"cfsr","10m","month",2009,11,"2009-11","2009-11",720,1,"cfsr_10m_month_2009_11.tif",15728283,"3170545076d597ef599f816bf7c87876","cfsr-roses-v1"
"cfsr","10m","month",2009,12,"2009-12","2009-12",744,1,"cfsr_10m_month_2009_12.tif",15721562,"d3dcfd30a892b2b69f15736a64826cda","cfsr-roses-v1"
"cfsr","10m","month",2010,1,"2010-01","2010-01",744,1,"cfsr_10m_month_2010_01.tif",15602011,"a0eca13d9d66bcd05b23bbaa618428ca","cfsr-roses-v1"
"cfsr","10m","month",2010,2,"2010-02","2010-02",672,1,"cfsr_10m_month_2010_02.tif",15718128,"f8b473ceb08602050db766225534b9bf","cfsr-roses-v1"
"cfsr","10m","month",2010,3,"2010-03","2010-03",744,1,"cfsr_10m_month_2010_03.tif",15570308,"4e70905f53f9caea020bd02e4d2e0993","cfsr-roses-v1"
"cfsr","10m","month",2010,4,"2010-04","2010-04",720,1,"cfsr_10m_month_2010_04.tif",15583425,"e28d1acd63036c42daace120d00859d8","cfsr-roses-v1"
"cfsr","10m","month",2010,5,"2010-05","2010-05",744,1,"cfsr_10m_month_2010_05.tif",15541878,"4316e76e217d2119a8206e0feea1f25f","cfsr-roses-v1"
"cfsr","10m","month",2010,6,"2010-06","2010-06",720,1,"cfsr_10m_month_2010_06.tif",15417287,"b4e28401a64c6b482f8d143cac37f75b","cfsr-roses-v1"
"cfsr","10m","month",2010,7,"2010-07","2010-07",744,1,"cfsr_10m_month_2010_07.tif",15500180,"f85ddc4dfc7fbcb0eaf8f81241379b0a","cfsr-roses-v1"
"cfsr","10m","month",2010,8,"2010-08","2010-08",744,1,"cfsr_10m_month_2010_08.tif",15501045,"7f9399b7b2a201ad3c0abd4c3b899d09","cfsr-roses-v1"
"cfsr","10m","month",2010,9,"2010-09","2010-09",720,1,"cfsr_10m_month_2010_09.tif",15496949,"f00780ce2deaa6b105b7c4480cea62dd","cfsr-roses-v1"
"cfsr","10m","month",2010,10,"2010-10","2010-10",744,1,"cfsr_10m_month_2010_10.tif",15621827,"b7a5fcb4a3975ea0db740d33119aaf07","cfsr-roses-v1"
"cfsr","10m","month",2010,11,"2010-11","2010-11",720,1,"cfsr_10m_month_2010_11.tif",15731606,"e5ddaf34c79d577999cccbad97eceb48","cfsr-roses-v1"
"cfsr","10m","month",2010,12,"2010-12","2010-12",744,1,"cfsr_10m_month_2010_12.tif",15672806,"28e564cfed7bfaed5aef9615740d1fb1","cfsr-roses-v1"
"cfsr","10m","year",1979,NA,"1979-01","1979-12",8760,1,"cfsr_10m_year_1979.tif",15503264,"44b8670eb9710110938de03574760df4","cfsr-roses-v1"
"cfsr","10m","year",1980,NA,"1980-01","1980-12",8784,1,"cfsr_10m_year_1980.tif",15478981,"f05f911991d8a7f0bf4fa59383b20eea","cfsr-roses-v1"
"cfsr","10m","year",1981,NA,"1981-01","1981-12",8760,1,"cfsr_10m_year_1981.tif",15462151,"ef9b5eb227e7cb89e110d635ead0b6b0","cfsr-roses-v1"
"cfsr","10m","year",1982,NA,"1982-01","1982-12",8760,1,"cfsr_10m_year_1982.tif",15500429,"63216d59a6f370d29802414e24fb14ca","cfsr-roses-v1"
"cfsr","10m","year",1983,NA,"1983-01","1983-12",8760,1,"cfsr_10m_year_1983.tif",15513104,"2a39a7a44912b68740f8a7d954b48a55","cfsr-roses-v1"
"cfsr","10m","year",1984,NA,"1984-01","1984-12",8784,1,"cfsr_10m_year_1984.tif",15521651,"0a713b5e6ac28f1a68709aa9dfb3c96e","cfsr-roses-v1"
"cfsr","10m","year",1985,NA,"1985-01","1985-12",8760,1,"cfsr_10m_year_1985.tif",15502939,"8346e2b339bd737c080c15c30fa3f6cd","cfsr-roses-v1"
"cfsr","10m","year",1986,NA,"1986-01","1986-12",8760,1,"cfsr_10m_year_1986.tif",15497197,"4c410968ad87ec3c08e7697251270d1b","cfsr-roses-v1"
"cfsr","10m","year",1987,NA,"1987-01","1987-12",8760,1,"cfsr_10m_year_1987.tif",15506644,"4e0d2213f9b7dd333e90d503de6fd62c","cfsr-roses-v1"
"cfsr","10m","year",1988,NA,"1988-01","1988-12",8784,1,"cfsr_10m_year_1988.tif",15501502,"2b9c58ac70fd9471d5ff9b70ea6ee516","cfsr-roses-v1"
"cfsr","10m","year",1989,NA,"1989-01","1989-12",8760,1,"cfsr_10m_year_1989.tif",15531711,"f8bc11b07020ef71e216f02fadba63d6","cfsr-roses-v1"
"cfsr","10m","year",1990,NA,"1990-01","1990-12",8760,1,"cfsr_10m_year_1990.tif",15478929,"d7553c2ffdbafa9244ff47ca431e8ebf","cfsr-roses-v1"
"cfsr","10m","year",1991,NA,"1991-01","1991-12",8760,1,"cfsr_10m_year_1991.tif",15513465,"a2d4aae21a9df1aad8d318183f96c410","cfsr-roses-v1"
"cfsr","10m","year",1992,NA,"1992-01","1992-12",8784,1,"cfsr_10m_year_1992.tif",15528683,"61c698ef352f91e55cf4ef784804d49a","cfsr-roses-v1"
"cfsr","10m","year",1993,NA,"1993-01","1993-12",8760,1,"cfsr_10m_year_1993.tif",15517709,"8da5117b2577be5bc383ef64490eed4d","cfsr-roses-v1"
"cfsr","10m","year",1994,NA,"1994-01","1994-12",8760,1,"cfsr_10m_year_1994.tif",15495523,"fa4760d1caceee80e8af5587f6566712","cfsr-roses-v1"
"cfsr","10m","year",1995,NA,"1995-01","1995-12",8760,1,"cfsr_10m_year_1995.tif",15484743,"f6c5ff01ce6ad5bcb77bc0728e69176d","cfsr-roses-v1"
"cfsr","10m","year",1996,NA,"1996-01","1996-12",8784,1,"cfsr_10m_year_1996.tif",15502546,"3d562c4bbfada854ad9a1b39775d386b","cfsr-roses-v1"
"cfsr","10m","year",1997,NA,"1997-01","1997-12",8760,1,"cfsr_10m_year_1997.tif",15504407,"6bc4a3501d8055edbad0366ba8ace89f","cfsr-roses-v1"
"cfsr","10m","year",1998,NA,"1998-01","1998-12",8760,1,"cfsr_10m_year_1998.tif",15530572,"a19ede1dc039a513de6ab20fc9289b5e","cfsr-roses-v1"
"cfsr","10m","year",1999,NA,"1999-01","1999-12",8760,1,"cfsr_10m_year_1999.tif",15533157,"798c98664e73e3b883f1d32a088daa00","cfsr-roses-v1"
"cfsr","10m","year",2000,NA,"2000-01","2000-12",8784,1,"cfsr_10m_year_2000.tif",15524208,"319d09128cb19291fab96163f78701a1","cfsr-roses-v1"
"cfsr","10m","year",2001,NA,"2001-01","2001-12",8760,1,"cfsr_10m_year_2001.tif",15489824,"7376b2d8ffad8bc6367b4a1518b172fb","cfsr-roses-v1"
"cfsr","10m","year",2002,NA,"2002-01","2002-12",8760,1,"cfsr_10m_year_2002.tif",15497447,"76f636670ded54de10feb94710e6c78c","cfsr-roses-v1"
"cfsr","10m","year",2003,NA,"2003-01","2003-12",8760,1,"cfsr_10m_year_2003.tif",15460240,"381dc57bc7b0e4979827ec8f1fab0623","cfsr-roses-v1"
"cfsr","10m","year",2004,NA,"2004-01","2004-12",8784,1,"cfsr_10m_year_2004.tif",15497113,"625fe8a7f18617cf6f6c938f6459fbd2","cfsr-roses-v1"
"cfsr","10m","year",2005,NA,"2005-01","2005-12",8760,1,"cfsr_10m_year_2005.tif",15486074,"3bb565e49d7b76f5c070b81d75e93535","cfsr-roses-v1"
"cfsr","10m","year",2006,NA,"2006-01","2006-12",8760,1,"cfsr_10m_year_2006.tif",15497510,"c401c16a6f1300598d805c8a1e491972","cfsr-roses-v1"
"cfsr","10m","year",2007,NA,"2007-01","2007-12",8760,1,"cfsr_10m_year_2007.tif",15522898,"6af0d1de11fde4990cb35d71613e8cf0","cfsr-roses-v1"
"cfsr","10m","year",2008,NA,"2008-01","2008-12",8784,1,"cfsr_10m_year_2008.tif",15488900,"e8c60c3703f84764042a56b4b2b97ba5","cfsr-roses-v1"
"cfsr","10m","year",2009,NA,"2009-01","2009-12",8760,1,"cfsr_10m_year_2009.tif",15518105,"097c0766f26e0da86486918e7f9c9958","cfsr-roses-v1"
"cfsr","10m","year",2010,NA,"2010-01","2010-12",8760,1,"cfsr_10m_year_2010.tif",15502345,"c1c8a5f0b9717465b5392b0cc9943b12","cfsr-roses-v1"
"cfsr","10m","month_of_year",NA,1,"1979-01","2010-12",23808,1,"cfsr_10m_month_of_year_01.tif",15461755,"ee7e9f8dd678a166b94d34b229e292f4","cfsr-roses-v1"
"cfsr","10m","month_of_year",NA,2,"1979-01","2010-12",21696,1,"cfsr_10m_month_of_year_02.tif",15463447,"a0d7e1e62677c5828020a9559f059e2e","cfsr-roses-v1"
"cfsr","10m","month_of_year",NA,3,"1979-01","2010-12",23808,1,"cfsr_10m_month_of_year_03.tif",15388489,"0bef48a9287a6b7c79c65188adce093b","cfsr-roses-v1"
"cfsr","10m","month_of_year",NA,4,"1979-01","2010-12",23040,1,"cfsr_10m_month_of_year_04.tif",15368550,"845cd1557fb801de26b5e491c7641508","cfsr-roses-v1"
"cfsr","10m","month_of_year",NA,5,"1979-01","2010-12",23808,1,"cfsr_10m_month_of_year_05.tif",15344443,"6abc7fd7fb5308fd29f760181035854f","cfsr-roses-v1"
"cfsr","10m","month_of_year",NA,6,"1979-01","2010-12",23040,1,"cfsr_10m_month_of_year_06.tif",15384531,"5db8b07c92ac720a3ae35884f955ce4f","cfsr-roses-v1"
"cfsr","10m","month_of_year",NA,7,"1979-01","2010-12",23808,1,"cfsr_10m_month_of_year_07.tif",15401813,"52dda8be0b0f0586a9e952e3faf4654e","cfsr-roses-v1"
"cfsr","10m","month_of_year",NA,8,"1979-01","2010-12",23808,1,"cfsr_10m_month_of_year_08.tif",15372320,"314154222574d997d20f93bb41e15162","cfsr-roses-v1"
"cfsr","10m","month_of_year",NA,9,"1979-01","2010-12",23040,1,"cfsr_10m_month_of_year_09.tif",15334866,"a1de632d739dd106e869c3dfa1772bf1","cfsr-roses-v1"
"cfsr","10m","month_of_year",NA,10,"1979-01","2010-12",23808,1,"cfsr_10m_month_of_year_10.tif",15347612,"fa4ceca075cdbb80b39ef98fa22bccfb","cfsr-roses-v1"
"cfsr","10m","month_of_year",NA,11,"1979-01","2010-12",23040,1,"cfsr_10m_month_of_year_11.tif",15380748,"736e2ef2be18e552a028e53ad02f9d8f","cfsr-roses-v1"
"cfsr","10m","month_of_year",NA,12,"1979-01","2010-12",23808,1,"cfsr_10m_month_of_year_12.tif",15416984,"b29058ff5f69b01df59b97c010f972db","cfsr-roses-v1"
"cfsr","10m","all",NA,NA,"1979-01","2010-12",280512,1,"cfsr_10m_all.tif",14915462,"639c6129148475f0f084fd699fd56cae","cfsr-roses-v1"
